Workbook

Sheet README
A1: RSS Dashboard Dataset Builder
A3: Purpose | B3: Prepare a dashboard-ready dataset for the RSS prototype using real Volve field inputs plus derived demo telemetry.
A5: Real columns copied from source file | B5: Depth, WOB, SURF_RPM, ROP_AVG, PHIF, VSH, SW, KLOGH
A6: Derived / demo columns | B6: RPM_demo, ROP_ft_hr, Torque_kftlb, Vibration_g, DLS_deg_per_100ft, Inclination_deg, Azimuth_deg, Formation_Class, Recommendation, Confidence, Gate_Status, Alert_Message
A8: How to use | B8: Point the dashboard to the Dashboard_Data sheet or exported CSV. The derived fields are designed for PPR demo logic, not for final field deployment.
A10: Notes | B10: SURF_RPM and ROP_AVG from the source file are rescaled into dashboard-friendly demo ranges.
B11: DLS, vibration, torque, inclination, azimuth, recommendation and alerts are derived for prototype validation.
B12: Thresholds can be edited in the Controls sheet.

Sheet Controls
A1: Prototype Control Parameters
A2: DLS normal max (deg/100ft) | B2: 6 | C2: Edit blue cells only
A3: DLS block max (deg/100ft) | B3: 8
A4: Vibration caution max (g) | B4: 3
A5: WOB low preference (klbf) | B5: 20
A6: WOB high preference (klbf) | B6: 80
A7: Confidence threshold | B7: 0.6
A8: RPM demo min | B8: 90
A9: RPM demo max | B9: 180
A10: ROP demo min (ft/hr) | B10: 30
A11: ROP demo max (ft/hr) | B11: 80
A12: Source RPM min | B12: =MIN(Raw_Data!C2:C152) -> 1.3147203
A13: Source RPM max | B13: =MAX(Raw_Data!C2:C152) -> 2.639233
A14: Source ROP min | B14: =MIN(Raw_Data!D2:D152) -> 0.0026663491
A15: Source ROP max | B15: =MAX(Raw_Data!D2:D152) -> 0.010447495
A16: Starting inclination (deg) | B16: 20
A17: Starting azimuth (deg) | B17: 180

Sheet Dashboard_Data
A1: Depth_ft | B1: WOB_lbf | C1: WOB_klbf | D1: RPM_demo | E1: ROP_ft_hr | F1: PHIF | G1: VSH | H1: SW | I1: KLOGH | J1: Formation_Class | K1: Torque_kftlb | L1: Vibration_g | M1: DLS_deg_per_100ft | N1: Inclination_deg | O1: Azimuth_deg | P1: DLS_Status | Q1: Recommendation | R1: Confidence | S1: Gate_Status | T1: Alert_Message
A2: =Raw_Data!A2 -> 3305 | B2: =Raw_Data!B2 -> 26217.864 | C2: =B2/1000 -> 26.217864 | D2: =ROUND(Controls!$B$8 + (Raw_Data!C2-Controls!$B$12)/MAX(0.000001,(Controls!$B$13-Controls!$B$12))*(Controls!$B$9-Controls!$B$8),1) -> 90 | E2: =ROUND(Controls!$B$10 + (Raw_Data!D2-Controls!$B$14)/MAX(0.000001,(Controls!$B$15-Controls!$B$14))*(Controls!$B$11-Controls!$B$10),1) -> 39.1 | F2: =Raw_Data!E2 -> 0.086711005 | G2: =Raw_Data!F2 -> 0.071718795 | H2: =Raw_Data!G2 -> 1 | I2: =Raw_Data!H2 -> 0.001 | J2: =IF(G2>=0.45,"Shale-prone",IF(G2>=0.25,"Transition","Cleaner sand")) -> Cleaner sand | K2: =ROUND(6 + 0.16*C2 + 7*G2 + 2*(1-F2),1) -> 12.5 | L2: =ROUND(MIN(4.8,1 + ABS(D2-135)/45 + 1.4*G2 + 0.2*MAX(0,C2-55)/10 + IF(MOD(ROW(),17)=0,0.5,0)),2) -> 2.1 | M2: =ROUND(MIN(9.2,1.2 + 3.6*G2 + ABS(D2-135)/50 + 0.4*L2 + 0.3*MAX(0,C2-60)/10 + IF(A2>=3700,1.6,0) + IF(A2>=3860,1.1,0)),2) -> 3.2 | N2: =Controls!$B$16 -> 20 | O2: =Controls!$B$17 -> 180 | P2: =IF(M2<=Controls!$B$2,"NORMAL",IF(M2<=Controls!$B$3,"CAUTION","BLOCK")) -> NORMAL | Q2: =IF(P2="BLOCK","Hold",IF(L2>Controls!$B$4,"Hold",IF(P2="CAUTION","Drop",IF(G2<0.25,IF(MOD(ROW(),13)=0,"Turn Left",IF(MOD(ROW(),9)=0,"Turn Right",IF(F2<0.08,"Build","Hold"))),IF(F2<0.08,"Build","Hold"))))) -> Hold | R2: =ROUND(MAX(0.35,MIN(0.95,0.92 - 0.06*MAX(0,M2-Controls!$B$2) - 0.05*MAX(0,L2-Controls!$B$4) - 0.01*ABS(C2-50) + 0.04*(1-G2))),2) -> 0.72 | S2: =IF(P2="BLOCK","BLOCKED",IF(R2<Controls!$B$7,"REDUCED","ACCEPTED")) -> ACCEPTED | T2: =IF(P2="BLOCK","LIMIT_EXCEEDED - DLS above "&TEXT(Controls!$B$3,"0.0")&" deg/100ft",IF(P2="CAUTION","DLS above operating limit - reduce aggressiveness",IF(L2>Controls!$B$4,"High vibration - hold trajectory",IF(OR(C2<Controls!$B$5,C2>Controls!$B$6),"WOB outside preferred band","Normal operation")))) -> Normal operation
A3: =Raw_Data!A3 -> 3310 | B3: =Raw_Data!B3 -> 83492.293 | C3: =B3/1000 -> 83.492293 | D3: =ROUND(Controls!$B$8 + (Raw_Data!C3-Controls!$B$12)/MAX(0.000001,(Controls!$B$13-Controls!$B$12))*(Controls!$B$9-Controls!$B$8),1) -> 90.9 | E3: =ROUND(Controls!$B$10 + (Raw_Data!D3-Controls!$B$14)/MAX(0.000001,(Controls!$B$15-Controls!$B$14))*(Controls!$B$11-Controls!$B$10),1) -> 46 | F3: =Raw_Data!E3 -> 0.095208498 | G3: =Raw_Data!F3 -> 0.11654832 | H3: =Raw_Data!G3 -> 1 | I3: =Raw_Data!H3 -> 0.001 | J3: =IF(G3>=0.45,"Shale-prone",IF(G3>=0.25,"Transition","Cleaner sand")) -> Cleaner sand | K3: =ROUND(6 + 0.16*C3 + 7*G3 + 2*(1-F3),1) -> 22 | L3: =ROUND(MIN(4.8,1 + ABS(D3-135)/45 + 1.4*G3 + 0.2*MAX(0,C3-55)/10 + IF(MOD(ROW(),17)=0,0.5,0)),2) -> 2.71 | M3: =ROUND(MIN(9.2,1.2 + 3.6*G3 + ABS(D3-135)/50 + 0.4*L3 + 0.3*MAX(0,C3-60)/10 + IF(A3>=3700,1.6,0) + IF(A3>=3860,1.1,0)),2) -> 4.29 | N3: =ROUND(MAX(0,MIN(90,N2 + (M3-4.5)*0.12)),2) -> 19.97 | O3: =ROUND(MOD(O2 + IF(OR(Q3="Turn Right",Q3="Build"),1.8,IF(Q3="Turn Left",-1.8,0.5)),360),2) -> 180.5 | P3: =IF(M3<=Controls!$B$2,"NORMAL",IF(M3<=Controls!$B$3,"CAUTION","BLOCK")) -> NORMAL | Q3: =IF(P3="BLOCK","Hold",IF(L3>Controls!$B$4,"Hold",IF(P3="CAUTION","Drop",IF(G3<0.25,IF(MOD(ROW(),13)=0,"Turn Left",IF(MOD(ROW(),9)=0,"Turn Right",IF(F3<0.08,"Build","Hold"))),IF(F3<0.08,"Build","Hold"))))) -> Hold | R3: =ROUND(MAX(0.35,MIN(0.95,0.92 - 0.06*MAX(0,M3-Controls!$B$2) - 0.05*MAX(0,L3-Controls!$B$4) - 0.01*ABS(C3-50) + 0.04*(1-G3))),2) -> 0.62 | S3: =IF(P3="BLOCK","BLOCKED",IF(R3<Controls!$B$7,"REDUCED","ACCEPTED")) -> ACCEPTED | T3: =IF(P3="BLOCK","LIMIT_EXCEEDED - DLS above "&TEXT(Controls!$B$3,"0.0")&" deg/100ft",IF(P3="CAUTION","DLS above operating limit - reduce aggressiveness",IF(L3>Controls!$B$4,"High vibration - hold trajectory",IF(OR(C3<Controls!$B$5,C3>Controls!$B$6),"WOB outside preferred band","Normal operation")))) -> WOB outside preferred band
A4: =Raw_Data!A4 -> 3315 | B4: =Raw_Data!B4 -> 97087.882 | C4: =B4/1000 -> 97.087882 | D4: =ROUND(Controls!$B$8 + (Raw_Data!C4-Controls!$B$12)/MAX(0.000001,(Controls!$B$13-Controls!$B$12))*(Controls!$B$9-Controls!$B$8),1) -> 97.2 | E4: =ROUND(Controls!$B$10 + (Raw_Data!D4-Controls!$B$14)/MAX(0.000001,(Controls!$B$15-Controls!$B$14))*(Controls!$B$11-Controls!$B$10),1) -> 51.2 | F4: =Raw_Data!E4 -> 0.061636098 | G4: =Raw_Data!F4 -> 0.10428323 | H4: =Raw_Data!G4 -> 1 | I4: =Raw_Data!H4 -> 0.001 | J4: =IF(G4>=0.45,"Shale-prone",IF(G4>=0.25,"Transition","Cleaner sand")) -> Cleaner sand | K4: =ROUND(6 + 0.16*C4 + 7*G4 + 2*(1-F4),1) -> 24.1 | L4: =ROUND(MIN(4.8,1 + ABS(D4-135)/45 + 1.4*G4 + 0.2*MAX(0,C4-55)/10 + IF(MOD(ROW(),17)=0,0.5,0)),2) -> 2.83 | M4: =ROUND(MIN(9.2,1.2 + 3.6*G4 + ABS(D4-135)/50 + 0.4*L4 + 0.3*MAX(0,C4-60)/10 + IF(A4>=3700,1.6,0) + IF(A4>=3860,1.1,0)),2) -> 4.58 | N4: =ROUND(MAX(0,MIN(90,N3 + (M4-4.5)*0.12)),2) -> 19.98 | O4: =ROUND(MOD(O3 + IF(OR(Q4="Turn Right",Q4="Build"),1.8,IF(Q4="Turn Left",-1.8,0.5)),360),2) -> 182.3 | P4: =IF(M4<=Controls!$B$2,"NORMAL",IF(M4<=Controls!$B$3,"CAUTION","BLOCK")) -> NORMAL | Q4: =IF(P4="BLOCK","Hold",IF(L4>Controls!$B$4,"Hold",IF(P4="CAUTION","Drop",IF(G4<0.25,IF(MOD(ROW(),13)=0,"Turn Left",IF(MOD(ROW(),9)=0,"Turn Right",IF(F4<0.08,"Build","Hold"))),IF(F4<0.08,"Build","Hold"))))) -> Build | R4: =ROUND(MAX(0.35,MIN(0.95,0.92 - 0.06*MAX(0,M4-Controls!$B$2) - 0.05*MAX(0,L4-Controls!$B$4) - 0.01*ABS(C4-50) + 0.04*(1-G4))),2) -> 0.48 | S4: =IF(P4="BLOCK","BLOCKED",IF(R4<Controls!$B$7,"REDUCED","ACCEPTED")) -> REDUCED | T4: =IF(P4="BLOCK","LIMIT_EXCEEDED - DLS above "&TEXT(Controls!$B$3,"0.0")&" deg/100ft",IF(P4="CAUTION","DLS above operating limit - reduce aggressiveness",IF(L4>Controls!$B$4,"High vibration - hold trajectory",IF(OR(C4<Controls!$B$5,C4>Controls!$B$6),"WOB outside preferred band","Normal operation")))) -> WOB outside preferred band
A5: =Raw_Data!A5 -> 3320 | B5: =Raw_Data!B5 -> 54793.206 | C5: =B5/1000 -> 54.793206 | D5: =ROUND(Controls!$B$8 + (Raw_Data!C5-Controls!$B$12)/MAX(0.000001,(Controls!$B$13-Controls!$B$12))*(Controls!$B$9-Controls!$B$8),1) -> 109 | E5: =ROUND(Controls!$B$10 + (Raw_Data!D5-Controls!$B$14)/MAX(0.000001,(Controls!$B$15-Controls!$B$14))*(Controls!$B$11-Controls!$B$10),1) -> 47.7 | F5: =Raw_Data!E5 -> 0.043497664 | G5: =Raw_Data!F5 -> 0.11003981 | H5: =Raw_Data!G5 -> 1 | I5: =Raw_Data!H5 -> 0.001 | J5: =IF(G5>=0.45,"Shale-prone",IF(G5>=0.25,"Transition","Cleaner sand")) -> Cleaner sand | K5: =ROUND(6 + 0.16*C5 + 7*G5 + 2*(1-F5),1) -> 17.5 | L5: =ROUND(MIN(4.8,1 + ABS(D5-135)/45 + 1.4*G5 + 0.2*MAX(0,C5-55)/10 + IF(MOD(ROW(),17)=0,0.5,0)),2) -> 1.73 | M5: =ROUND(MIN(9.2,1.2 + 3.6*G5 + ABS(D5-135)/50 + 0.4*L5 + 0.3*MAX(0,C5-60)/10 + IF(A5>=3700,1.6,0) + IF(A5>=3860,1.1,0)),2) -> 2.81 | N5: =ROUND(MAX(0,MIN(90,N4 + (M5-4.5)*0.12)),2) -> 19.78 | O5: =ROUND(MOD(O4 + IF(OR(Q5="Turn Right",Q5="Build"),1.8,IF(Q5="Turn Left",-1.8,0.5)),360),2) -> 184.1 | P5: =IF(M5<=Controls!$B$2,"NORMAL",IF(M5<=Controls!$B$3,"CAUTION","BLOCK")) -> NORMAL | Q5: =IF(P5="BLOCK","Hold",IF(L5>Controls!$B$4,"Hold",IF(P5="CAUTION","Drop",IF(G5<0.25,IF(MOD(ROW(),13)=0,"Turn Left",IF(MOD(ROW(),9)=0,"Turn Right",IF(F5<0.08,"Build","Hold"))),IF(F5<0.08,"Build","Hold"))))) -> Build | R5: =ROUND(MAX(0.35,MIN(0.95,0.92 - 0.06*MAX(0,M5-Controls!$B$2) - 0.05*MAX(0,L5-Controls!$B$4) - 0.01*ABS(C5-50) + 0.04*(1-G5))),2) -> 0.91 | S5: =IF(P5="BLOCK","BLOCKED",IF(R5<Controls!$B$7,"REDUCED","ACCEPTED")) -> ACCEPTED | T5: =IF(P5="BLOCK","LIMIT_EXCEEDED - DLS above "&TEXT(Controls!$B$3,"0.0")&" deg/100ft",IF(P5="CAUTION","DLS above operating limit - reduce aggressiveness",IF(L5>Controls!$B$4,"High vibration - hold trajectory",IF(OR(C5<Controls!$B$5,C5>Controls!$B$6),"WOB outside preferred band","Normal operation")))) -> Normal operation
A6: =Raw_Data!A6 -> 3325 | B6: =Raw_Data!B6 -> 50301.579 | C6: =B6/1000 -> 50.301579 | D6: =ROUND(Controls!$B$8 + (Raw_Data!C6-Controls!$B$12)/MAX(0.000001,(Controls!$B$13-Controls!$B$12))*(Controls!$B$9-Controls!$B$8),1) -> 113 | E6: =ROUND(Controls!$B$10 + (Raw_Data!D6-Controls!$B$14)/MAX(0.000001,(Controls!$B$15-Controls!$B$14))*(Controls!$B$11-Controls!$B$10),1) -> 47.8 | F6: =Raw_Data!E6 -> 0.035252241 | G6: =Raw_Data!F6 -> 0.12080771 | H6: =Raw_Data!G6 -> 1 | I6: =Raw_Data!H6 -> 0.001 | J6: =IF(G6>=0.45,"Shale-prone",IF(G6>=0.25,"Transition","Cleaner sand")) -> Cleaner sand | K6: =ROUND(6 + 0.16*C6 + 7*G6 + 2*(1-F6),1) -> 16.8 | L6: =ROUND(MIN(4.8,1 + ABS(D6-135)/45 + 1.4*G6 + 0.2*MAX(0,C6-55)/10 + IF(MOD(ROW(),17)=0,0.5,0)),2) -> 1.66 | M6: =ROUND(MIN(9.2,1.2 + 3.6*G6 + ABS(D6-135)/50 + 0.4*L6 + 0.3*MAX(0,C6-60)/10 + IF(A6>=3700,1.6,0) + IF(A6>=3860,1.1,0)),2) -> 2.74 | N6: =ROUND(MAX(0,MIN(90,N5 + (M6-4.5)*0.12)),2) -> 19.57 | O6: =ROUND(MOD(O5 + IF(OR(Q6="Turn Right",Q6="Build"),1.8,IF(Q6="Turn Left",-1.8,0.5)),360),2) -> 185.9 | P6: =IF(M6<=Controls!$B$2,"NORMAL",IF(M6<=Controls!$B$3,"CAUTION","BLOCK")) -> NORMAL | Q6: =IF(P6="BLOCK","Hold",IF(L6>Controls!$B$4,"Hold",IF(P6="CAUTION","Drop",IF(G6<0.25,IF(MOD(ROW(),13)=0,"Turn Left",IF(MOD(ROW(),9)=0,"Turn Right",IF(F6<0.08,"Build","Hold"))),IF(F6<0.08,"Build","Hold"))))) -> Build | R6: =ROUND(MAX(0.35,MIN(0.95,0.92 - 0.06*MAX(0,M6-Controls!$B$2) - 0.05*MAX(0,L6-Controls!$B$4) - 0.01*ABS(C6-50) + 0.04*(1-G6))),2) -> 0.95 | S6: =IF(P6="BLOCK","BLOCKED",IF(R6<Controls!$B$7,"REDUCED","ACCEPTED")) -> ACCEPTED | T6: =IF(P6="BLOCK","LIMIT_EXCEEDED - DLS above "&TEXT(Controls!$B$3,"0.0")&" deg/100ft",IF(P6="CAUTION","DLS above operating limit - reduce aggressiveness",IF(L6>Controls!$B$4,"High vibration - hold trajectory",IF(OR(C6<Controls!$B$5,C6>Controls!$B$6),"WOB outside preferred band","Normal operation")))) -> Normal operation
A7: =Raw_Data!A7 -> 3330 | B7: =Raw_Data!B7 -> 56835.194 | C7: =B7/1000 -> 56.835194 | D7: =ROUND(Controls!$B$8 + (Raw_Data!C7-Controls!$B$12)/MAX(0.000001,(Controls!$B$13-Controls!$B$12))*(Controls!$B$9-Controls!$B$8),1) -> 113.3 | E7: =ROUND(Controls!$B$10 + (Raw_Data!D7-Controls!$B$14)/MAX(0.000001,(Controls!$B$15-Controls!$B$14))*(Controls!$B$11-Controls!$B$10),1) -> 43.3 | F7: =Raw_Data!E7 -> 0.015965128 | G7: =Raw_Data!F7 -> 0.085564925 | H7: =Raw_Data!G7 -> 1 | I7: =Raw_Data!H7 -> 0.001 | J7: =IF(G7>=0.45,"Shale-prone",IF(G7>=0.25,"Transition","Cleaner sand")) -> Cleaner sand | K7: =ROUND(6 + 0.16*C7 + 7*G7 + 2*(1-F7),1) -> 17.7 | L7: =ROUND(MIN(4.8,1 + ABS(D7-135)/45 + 1.4*G7 + 0.2*MAX(0,C7-55)/10 + IF(MOD(ROW(),17)=0,0.5,0)),2) -> 1.64 | M7: =ROUND(MIN(9.2,1.2 + 3.6*G7 + ABS(D7-135)/50 + 0.4*L7 + 0.3*MAX(0,C7-60)/10 + IF(A7>=3700,1.6,0) + IF(A7>=3860,1.1,0)),2) -> 2.6 | N7: =ROUND(MAX(0,MIN(90,N6 + (M7-4.5)*0.12)),2) -> 19.34 | O7: =ROUND(MOD(O6 + IF(OR(Q7="Turn Right",Q7="Build"),1.8,IF(Q7="Turn Left",-1.8,0.5)),360),2) -> 187.7 | P7: =IF(M7<=Controls!$B$2,"NORMAL",IF(M7<=Controls!$B$3,"CAUTION","BLOCK")) -> NORMAL | Q7: =IF(P7="BLOCK","Hold",IF(L7>Controls!$B$4,"Hold",IF(P7="CAUTION","Drop",IF(G7<0.25,IF(MOD(ROW(),13)=0,"Turn Left",IF(MOD(ROW(),9)=0,"Turn Right",IF(F7<0.08,"Build","Hold"))),IF(F7<0.08,"Build","Hold"))))) -> Build | R7: =ROUND(MAX(0.35,MIN(0.95,0.92 - 0.06*MAX(0,M7-Controls!$B$2) - 0.05*MAX(0,L7-Controls!$B$4) - 0.01*ABS(C7-50) + 0.04*(1-G7))),2) -> 0.89 | S7: =IF(P7="BLOCK","BLOCKED",IF(R7<Controls!$B$7,"REDUCED","ACCEPTED")) -> ACCEPTED | T7: =IF(P7="BLOCK","LIMIT_EXCEEDED - DLS above "&TEXT(Controls!$B$3,"0.0")&" deg/100ft",IF(P7="CAUTION","DLS above operating limit - reduce aggressiveness",IF(L7>Controls!$B$4,"High vibration - hold trajectory",IF(OR(C7<Controls!$B$5,C7>Controls!$B$6),"WOB outside preferred band","Normal operation")))) -> Normal operation
A8: =Raw_Data!A8 -> 3335 | B8: =Raw_Data!B8 -> 37638.028 | C8: =B8/1000 -> 37.638028 | D8: =ROUND(Controls!$B$8 + (Raw_Data!C8-Controls!$B$12)/MAX(0.000001,(Controls!$B$13-Controls!$B$12))*(Controls!$B$9-Controls!$B$8),1) -> 146 | E8: =ROUND(Controls!$B$10 + (Raw_Data!D8-Controls!$B$14)/MAX(0.000001,(Controls!$B$15-Controls!$B$14))*(Controls!$B$11-Controls!$B$10),1) -> 69.5 | F8: =Raw_Data!E8 -> 0.046243123 | G8: =Raw_Data!F8 -> 0.10985897 | H8: =Raw_Data!G8 -> 1 | I8: =Raw_Data!H8 -> 0.001 | J8: =IF(G8>=0.45,"Shale-prone",IF(G8>=0.25,"Transition","Cleaner sand")) -> Cleaner sand | K8: =ROUND(6 + 0.16*C8 + 7*G8 + 2*(1-F8),1) -> 14.7 | L8: =ROUND(MIN(4.8,1 + ABS(D8-135)/45 + 1.4*G8 + 0.2*MAX(0,C8-55)/10 + IF(MOD(ROW(),17)=0,0.5,0)),2) -> 1.4 | M8: =ROUND(MIN(9.2,1.2 + 3.6*G8 + ABS(D8-135)/50 + 0.4*L8 + 0.3*MAX(0,C8-60)/10 + IF(A8>=3700,1.6,0) + IF(A8>=3860,1.1,0)),2) -> 2.38 | N8: =ROUND(MAX(0,MIN(90,N7 + (M8-4.5)*0.12)),2) -> 19.09 | O8: =ROUND(MOD(O7 + IF(OR(Q8="Turn Right",Q8="Build"),1.8,IF(Q8="Turn Left",-1.8,0.5)),360),2) -> 189.5 | P8: =IF(M8<=Controls!$B$2,"NORMAL",IF(M8<=Controls!$B$3,"CAUTION","BLOCK")) -> NORMAL | Q8: =IF(P8="BLOCK","Hold",IF(L8>Controls!$B$4,"Hold",IF(P8="CAUTION","Drop",IF(G8<0.25,IF(MOD(ROW(),13)=0,"Turn Left",IF(MOD(ROW(),9)=0,"Turn Right",IF(F8<0.08,"Build","Hold"))),IF(F8<0.08,"Build","Hold"))))) -> Build | R8: =ROUND(MAX(0.35,MIN(0.95,0.92 - 0.06*MAX(0,M8-Controls!$B$2) - 0.05*MAX(0,L8-Controls!$B$4) - 0.01*ABS(C8-50) + 0.04*(1-G8))),2) -> 0.83 | S8: =IF(P8="BLOCK","BLOCKED",IF(R8<Controls!$B$7,"REDUCED","ACCEPTED")) -> ACCEPTED | T8: =IF(P8="BLOCK","LIMIT_EXCEEDED - DLS above "&TEXT(Controls!$B$3,"0.0")&" deg/100ft",IF(P8="CAUTION","DLS above operating limit - reduce aggressiveness",IF(L8>Controls!$B$4,"High vibration - hold trajectory",IF(OR(C8<Controls!$B$5,C8>Controls!$B$6),"WOB outside preferred band","Normal operation")))) -> Normal operation
A9: =Raw_Data!A9 -> 3340 | B9: =Raw_Data!B9 -> 37638.028 | C9: =B9/1000 -> 37.638028 | D9: =ROUND(Controls!$B$8 + (Raw_Data!C9-Controls!$B$12)/MAX(0.000001,(Controls!$B$13-Controls!$B$12))*(Controls!$B$9-Controls!$B$8),1) -> 146 | E9: =ROUND(Controls!$B$10 + (Raw_Data!D9-Controls!$B$14)/MAX(0.000001,(Controls!$B$15-Controls!$B$14))*(Controls!$B$11-Controls!$B$10),1) -> 69.5 | F9: =Raw_Data!E9 -> 0.041236565 | G9: =Raw_Data!F9 -> 0.071368258 | H9: =Raw_Data!G9 -> 1 | I9: =Raw_Data!H9 -> 0.001 | J9: =IF(G9>=0.45,"Shale-prone",IF(G9>=0.25,"Transition","Cleaner sand")) -> Cleaner sand | K9: =ROUND(6 + 0.16*C9 + 7*G9 + 2*(1-F9),1) -> 14.4 | L9: =ROUND(MIN(4.8,1 + ABS(D9-135)/45 + 1.4*G9 + 0.2*MAX(0,C9-55)/10 + IF(MOD(ROW(),17)=0,0.5,0)),2) -> 1.34 | M9: =ROUND(MIN(9.2,1.2 + 3.6*G9 + ABS(D9-135)/50 + 0.4*L9 + 0.3*MAX(0,C9-60)/10 + IF(A9>=3700,1.6,0) + IF(A9>=3860,1.1,0)),2) -> 2.21 | N9: =ROUND(MAX(0,MIN(90,N8 + (M9-4.5)*0.12)),2) -> 18.82 | O9: =ROUND(MOD(O8 + IF(OR(Q9="Turn Right",Q9="Build"),1.8,IF(Q9="Turn Left",-1.8,0.5)),360),2) -> 191.3 | P9: =IF(M9<=Controls!$B$2,"NORMAL",IF(M9<=Controls!$B$3,"CAUTION","BLOCK")) -> NORMAL | Q9: =IF(P9="BLOCK","Hold",IF(L9>Controls!$B$4,"Hold",IF(P9="CAUTION","Drop",IF(G9<0.25,IF(MOD(ROW(),13)=0,"Turn Left",IF(MOD(ROW(),9)=0,"Turn Right",IF(F9<0.08,"Build","Hold"))),IF(F9<0.08,"Build","Hold"))))) -> Turn Right | R9: =ROUND(MAX(0.35,MIN(0.95,0.92 - 0.06*MAX(0,M9-Controls!$B$2) - 0.05*MAX(0,L9-Controls!$B$4) - 0.01*ABS(C9-50) + 0.04*(1-G9))),2) -> 0.83 | S9: =IF(P9="BLOCK","BLOCKED",IF(R9<Controls!$B$7,"REDUCED","ACCEPTED")) -> ACCEPTED | T9: =IF(P9="BLOCK","LIMIT_EXCEEDED - DLS above "&TEXT(Controls!$B$3,"0.0")&" deg/100ft",IF(P9="CAUTION","DLS above operating limit - reduce aggressiveness",IF(L9>Controls!$B$4,"High vibration - hold trajectory",IF(OR(C9<Controls!$B$5,C9>Controls!$B$6),"WOB outside preferred band","Normal operation")))) -> Normal operation
A10: =Raw_Data!A10 -> 3345 | B10: =Raw_Data!B10 -> 44564.583 | C10: =B10/1000 -> 44.564583 | D10: =ROUND(Controls!$B$8 + (Raw_Data!C10-Controls!$B$12)/MAX(0.000001,(Controls!$B$13-Controls!$B$12))*(Controls!$B$9-Controls!$B$8),1) -> 134.9 | E10: =ROUND(Controls!$B$10 + (Raw_Data!D10-Controls!$B$14)/MAX(0.000001,(Controls!$B$15-Controls!$B$14))*(Controls!$B$11-Controls!$B$10),1) -> 67.2 | F10: =Raw_Data!E10 -> 0.013781889 | G10: =Raw_Data!F10 -> 0.090755599 | H10: =Raw_Data!G10 -> 1 | I10: =Raw_Data!H10 -> 0.001 | J10: =IF(G10>=0.45,"Shale-prone",IF(G10>=0.25,"Transition","Cleaner sand")) -> Cleaner sand | K10: =ROUND(6 + 0.16*C10 + 7*G10 + 2*(1-F10),1) -> 15.7 | L10: =ROUND(MIN(4.8,1 + ABS(D10-135)/45 + 1.4*G10 + 0.2*MAX(0,C10-55)/10 + IF(MOD(ROW(),17)=0,0.5,0)),2) -> 1.13 | M10: =ROUND(MIN(9.2,1.2 + 3.6*G10 + ABS(D10-135)/50 + 0.4*L10 + 0.3*MAX(0,C10-60)/10 + IF(A10>=3700,1.6,0) + IF(A10>=3860,1.1,0)),2) -> 1.98 | N10: =ROUND(MAX(0,MIN(90,N9 + (M10-4.5)*0.12)),2) -> 18.52 | O10: =ROUND(MOD(O9 + IF(OR(Q10="Turn Right",Q10="Build"),1.8,IF(Q10="Turn Left",-1.8,0.5)),360),2) -> 193.1 | P10: =IF(M10<=Controls!$B$2,"NORMAL",IF(M10<=Controls!$B$3,"CAUTION","BLOCK")) -> NORMAL | Q10: =IF(P10="BLOCK","Hold",IF(L10>Controls!$B$4,"Hold",IF(P10="CAUTION","Drop",IF(G10<0.25,IF(MOD(ROW(),13)=0,"Turn Left",IF(MOD(ROW(),9)=0,"Turn Right",IF(F10<0.08,"Build","Hold"))),IF(F10<0.08,"Build","Hold"))))) -> Build | R10: =ROUND(MAX(0.35,MIN(0.95,0.92 - 0.06*MAX(0,M10-Controls!$B$2) - 0.05*MAX(0,L10-Controls!$B$4) - 0.01*ABS(C10-50) + 0.04*(1-G10))),2) -> 0.9 | S10: =IF(P10="BLOCK","BLOCKED",IF(R10<Controls!$B$7,"REDUCED","ACCEPTED")) -> ACCEPTED | T10: =IF(P10="BLOCK","LIMIT_EXCEEDED - DLS above "&TEXT(Controls!$B$3,"0.0")&" deg/100ft",IF(P10="CAUTION","DLS above operating limit - reduce aggressiveness",IF(L10>Controls!$B$4,"High vibration - hold trajectory",IF(OR(C10<Controls!$B$5,C10>Controls!$B$6),"WOB outside preferred band","Normal operation")))) -> Normal operation
A11: =Raw_Data!A11 -> 3350 | B11: =Raw_Data!B11 -> 60928.603 | C11: =B11/1000 -> 60.928603 | D11: =ROUND(Controls!$B$8 + (Raw_Data!C11-Controls!$B$12)/MAX(0.000001,(Controls!$B$13-Controls!$B$12))*(Controls!$B$9-Controls!$B$8),1) -> 118.6 | E11: =ROUND(Controls!$B$10 + (Raw_Data!D11-Controls!$B$14)/MAX(0.000001,(Controls!$B$15-Controls!$B$14))*(Controls!$B$11-Controls!$B$10),1) -> 60.4 | F11: =Raw_Data!E11 -> 0.017082659 | G11: =Raw_Data!F11 -> 0.097655748 | H11: =Raw_Data!G11 -> 1 | I11: =Raw_Data!H11 -> 0.001 | J11: =IF(G11>=0.45,"Shale-prone",IF(G11>=0.25,"Transition","Cleaner sand")) -> Cleaner sand | K11: =ROUND(6 + 0.16*C11 + 7*G11 + 2*(1-F11),1) -> 18.4 | L11: =ROUND(MIN(4.8,1 + ABS(D11-135)/45 + 1.4*G11 + 0.2*MAX(0,C11-55)/10 + IF(MOD(ROW(),17)=0,0.5,0)),2) -> 1.62 | M11: =ROUND(MIN(9.2,1.2 + 3.6*G11 + ABS(D11-135)/50 + 0.4*L11 + 0.3*MAX(0,C11-60)/10 + IF(A11>=3700,1.6,0) + IF(A11>=3860,1.1,0)),2) -> 2.56 | N11: =ROUND(MAX(0,MIN(90,N10 + (M11-4.5)*0.12)),2) -> 18.29 | O11: =ROUND(MOD(O10 + IF(OR(Q11="Turn Right",Q11="Build"),1.8,IF(Q11="Turn Left",-1.8,0.5)),360),2) -> 194.9 | P11: =IF(M11<=Controls!$B$2,"NORMAL",IF(M11<=Controls!$B$3,"CAUTION","BLOCK")) -> NORMAL | Q11: =IF(P11="BLOCK","Hold",IF(L11>Controls!$B$4,"Hold",IF(P11="CAUTION","Drop",IF(G11<0.25,IF(MOD(ROW(),13)=0,"Turn Left",IF(MOD(ROW(),9)=0,"Turn Right",IF(F11<0.08,"Build","Hold"))),IF(F11<0.08,"Build","Hold"))))) -> Build | R11: =ROUND(MAX(0.35,MIN(0.95,0.92 - 0.06*MAX(0,M11-Controls!$B$2) - 0.05*MAX(0,L11-Controls!$B$4) - 0.01*ABS(C11-50) + 0.04*(1-G11))),2) -> 0.85 | S11: =IF(P11="BLOCK","BLOCKED",IF(R11<Controls!$B$7,"REDUCED","ACCEPTED")) -> ACCEPTED | T11: =IF(P11="BLOCK","LIMIT_EXCEEDED - DLS above "&TEXT(Controls!$B$3,"0.0")&" deg/100ft",IF(P11="CAUTION","DLS above operating limit - reduce aggressiveness",IF(L11>Controls!$B$4,"High vibration - hold trajectory",IF(OR(C11<Controls!$B$5,C11>Controls!$B$6),"WOB outside preferred band","Normal operation")))) -> Normal operation
A12: =Raw_Data!A12 -> 3355 | B12: =Raw_Data!B12 -> 40202.384 | C12: =B12/1000 -> 40.202384 | D12: =ROUND(Controls!$B$8 + (Raw_Data!C12-Controls!$B$12)/MAX(0.000001,(Controls!$B$13-Controls!$B$12))*(Controls!$B$9-Controls!$B$8),1) -> 171.9 | E12: =ROUND(Controls!$B$10 + (Raw_Data!D12-Controls!$B$14)/MAX(0.000001,(Controls!$B$15-Controls!$B$14))*(Controls!$B$11-Controls!$B$10),1) -> 56.5 | F12: =Raw_Data!E12 -> 0.014316008 | G12: =Raw_Data!F12 -> 0.089343111 | H12: =Raw_Data!G12 -> 1 | I12: =Raw_Data!H12 -> 0.001 | J12: =IF(G12>=0.45,"Shale-prone",IF(G12>=0.25,"Transition","Cleaner sand")) -> Cleaner sand | K12: =ROUND(6 + 0.16*C12 + 7*G12 + 2*(1-F12),1) -> 15 | L12: =ROUND(MIN(4.8,1 + ABS(D12-135)/45 + 1.4*G12 + 0.2*MAX(0,C12-55)/10 + IF(MOD(ROW(),17)=0,0.5,0)),2) -> 1.95 | M12: =ROUND(MIN(9.2,1.2 + 3.6*G12 + ABS(D12-135)/50 + 0.4*L12 + 0.3*MAX(0,C12-60)/10 + IF(A12>=3700,1.6,0) + IF(A12>=3860,1.1,0)),2) -> 3.04 | N12: =ROUND(MAX(0,MIN(90,N11 + (M12-4.5)*0.12)),2) -> 18.11 | O12: =ROUND(MOD(O11 + IF(OR(Q12="Turn Right",Q12="Build"),1.8,IF(Q12="Turn Left",-1.8,0.5)),360),2) -> 196.7 | P12: =IF(M12<=Controls!$B$2,"NORMAL",IF(M12<=Controls!$B$3,"CAUTION","BLOCK")) -> NORMAL | Q12: =IF(P12="BLOCK","Hold",IF(L12>Controls!$B$4,"Hold",IF(P12="CAUTION","Drop",IF(G12<0.25,IF(MOD(ROW(),13)=0,"Turn Left",IF(MOD(ROW(),9)=0,"Turn Right",IF(F12<0.08,"Build","Hold"))),IF(F12<0.08,"Build","Hold"))))) -> Build | R12: =ROUND(MAX(0.35,MIN(0.95,0.92 - 0.06*MAX(0,M12-Controls!$B$2) - 0.05*MAX(0,L12-Controls!$B$4) - 0.01*ABS(C12-50) + 0.04*(1-G12))),2) -> 0.86 | S12: =IF(P12="BLOCK","BLOCKED",IF(R12<Controls!$B$7,"REDUCED","ACCEPTED")) -> ACCEPTED | T12: =IF(P12="BLOCK","LIMIT_EXCEEDED - DLS above "&TEXT(Controls!$B$3,"0.0")&" deg/100ft",IF(P12="CAUTION","DLS above operating limit - reduce aggressiveness",IF(L12>Controls!$B$4,"High vibration - hold trajectory",IF(OR(C12<Controls!$B$5,C12>Controls!$B$6),"WOB outside preferred band","Normal operation")))) -> Normal operation
A13: =Raw_Data!A13 -> 3360 | B13: =Raw_Data!B13 -> 43788.455 | C13: =B13/1000 -> 43.788455 | D13: =ROUND(Controls!$B$8 + (Raw_Data!C13-Controls!$B$12)/MAX(0.000001,(Controls!$B$13-Controls!$B$12))*(Controls!$B$9-Controls!$B$8),1) -> 176.5 | E13: =ROUND(Controls!$B$10 + (Raw_Data!D13-Controls!$B$14)/MAX(0.000001,(Controls!$B$15-Controls!$B$14))*(Controls!$B$11-Controls!$B$10),1) -> 56.4 | F13: =Raw_Data!E13 -> 0.053798959 | G13: =Raw_Data!F13 -> 0.096550293 | H13: =Raw_Data!G13 -> 1 | I13: =Raw_Data!H13 -> 0.001 | J13: =IF(G13>=0.45,"Shale-prone",IF(G13>=0.25,"Transition","Cleaner sand")) -> Cleaner sand | K13: =ROUND(6 + 0.16*C13 + 7*G13 + 2*(1-F13),1) -> 15.6 | L13: =ROUND(MIN(4.8,1 + ABS(D13-135)/45 + 1.4*G13 + 0.2*MAX(0,C13-55)/10 + IF(MOD(ROW(),17)=0,0.5,0)),2) -> 2.06 | M13: =ROUND(MIN(9.2,1.2 + 3.6*G13 + ABS(D13-135)/50 + 0.4*L13 + 0.3*MAX(0,C13-60)/10 + IF(A13>=3700,1.6,0) + IF(A13>=3860,1.1,0)),2) -> 3.2 | N13: =ROUND(MAX(0,MIN(90,N12 + (M13-4.5)*0.12)),2) -> 17.95 | O13: =ROUND(MOD(O12 + IF(OR(Q13="Turn Right",Q13="Build"),1.8,IF(Q13="Turn Left",-1.8,0.5)),360),2) -> 194.9 | P13: =IF(M13<=Controls!$B$2,"NORMAL",IF(M13<=Controls!$B$3,"CAUTION","BLOCK")) -> NORMAL | Q13: =IF(P13="BLOCK","Hold",IF(L13>Controls!$B$4,"Hold",IF(P13="CAUTION","Drop",IF(G13<0.25,IF(MOD(ROW(),13)=0,"Turn Left",IF(MOD(ROW(),9)=0,"Turn Right",IF(F13<0.08,"Build","Hold"))),IF(F13<0.08,"Build","Hold"))))) -> Turn Left | R13: =ROUND(MAX(0.35,MIN(0.95,0.92 - 0.06*MAX(0,M13-Controls!$B$2) - 0.05*MAX(0,L13-Controls!$B$4) - 0.01*ABS(C13-50) + 0.04*(1-G13))),2) -> 0.89 | S13: =IF(P13="BLOCK","BLOCKED",IF(R13<Controls!$B$7,"REDUCED","ACCEPTED")) -> ACCEPTED | T13: =IF(P13="BLOCK","LIMIT_EXCEEDED - DLS above "&TEXT(Controls!$B$3,"0.0")&" deg/100ft",IF(P13="CAUTION","DLS above operating limit - reduce aggressiveness",IF(L13>Controls!$B$4,"High vibration - hold trajectory",IF(OR(C13<Controls!$B$5,C13>Controls!$B$6),"WOB outside preferred band","Normal operation")))) -> Normal operation
A14: =Raw_Data!A14 -> 3365 | B14: =Raw_Data!B14 -> 44938.123 | C14: =B14/1000 -> 44.938123 | D14: =ROUND(Controls!$B$8 + (Raw_Data!C14-Controls!$B$12)/MAX(0.000001,(Controls!$B$13-Controls!$B$12))*(Controls!$B$9-Controls!$B$8),1) -> 179.4 | E14: =ROUND(Controls!$B$10 + (Raw_Data!D14-Controls!$B$14)/MAX(0.000001,(Controls!$B$15-Controls!$B$14))*(Controls!$B$11-Controls!$B$10),1) -> 56.5 | F14: =Raw_Data!E14 -> 0.037798701 | G14: =Raw_Data!F14 -> 0.11159702 | H14: =Raw_Data!G14 -> 1 | I14: =Raw_Data!H14 -> 0.001 | J14: =IF(G14>=0.45,"Shale-prone",IF(G14>=0.25,"Transition","Cleaner sand")) -> Cleaner sand | K14: =ROUND(6 + 0.16*C14 + 7*G14 + 2*(1-F14),1) -> 15.9 | L14: =ROUND(MIN(4.8,1 + ABS(D14-135)/45 + 1.4*G14 + 0.2*MAX(0,C14-55)/10 + IF(MOD(ROW(),17)=0,0.5,0)),2) -> 2.14 | M14: =ROUND(MIN(9.2,1.2 + 3.6*G14 + ABS(D14-135)/50 + 0.4*L14 + 0.3*MAX(0,C14-60)/10 + IF(A14>=3700,1.6,0) + IF(A14>=3860,1.1,0)),2) -> 3.35 | N14: =ROUND(MAX(0,MIN(90,N13 + (M14-4.5)*0.12)),2) -> 17.81 | O14: =ROUND(MOD(O13 + IF(OR(Q14="Turn Right",Q14="Build"),1.8,IF(Q14="Turn Left",-1.8,0.5)),360),2) -> 196.7 | P14: =IF(M14<=Controls!$B$2,"NORMAL",IF(M14<=Controls!$B$3,"CAUTION","BLOCK")) -> NORMAL | Q14: =IF(P14="BLOCK","Hold",IF(L14>Controls!$B$4,"Hold",IF(P14="CAUTION","Drop",IF(G14<0.25,IF(MOD(ROW(),13)=0,"Turn Left",IF(MOD(ROW(),9)=0,"Turn Right",IF(F14<0.08,"Build","Hold"))),IF(F14<0.08,"Build","Hold"))))) -> Build | R14: =ROUND(MAX(0.35,MIN(0.95,0.92 - 0.06*MAX(0,M14-Controls!$B$2) - 0.05*MAX(0,L14-Controls!$B$4) - 0.01*ABS(C14-50) + 0.04*(1-G14))),2) -> 0.9 | S14: =IF(P14="BLOCK","BLOCKED",IF(R14<Controls!$B$7,"REDUCED","ACCEPTED")) -> ACCEPTED | T14: =IF(P14="BLOCK","LIMIT_EXCEEDED - DLS above "&TEXT(Controls!$B$3,"0.0")&" deg/100ft",IF(P14="CAUTION","DLS above operating limit - reduce aggressiveness",IF(L14>Controls!$B$4,"High vibration - hold trajectory",IF(OR(C14<Controls!$B$5,C14>Controls!$B$6),"WOB outside preferred band","Normal operation")))) -> Normal operation
... A152: =Raw_Data!A152 -> 4085 | B152: =Raw_Data!B152 -> 86658.559 | C152: =B152/1000 -> 86.658559 | D152: =ROUND(Controls!$B$8 + (Raw_Data!C152-Controls!$B$12)/MAX(0.000001,(Controls!$B$13-Controls!$B$12))*(Controls!$B$9-Controls!$B$8),1) -> 159.1 | E152: =ROUND(Controls!$B$10 + (Raw_Data!D152-Controls!$B$14)/MAX(0.000001,(Controls!$B$15-Controls!$B$14))*(Controls!$B$11-Controls!$B$10),1) -> 67.2 | F152: =Raw_Data!E152 -> 0.022857 | G152: =Raw_Data!F152 -> 0.6401 | H152: =Raw_Data!G152 -> 1 | I152: =Raw_Data!H152 -> 0.001 | J152: =IF(G152>=0.45,"Shale-prone",IF(G152>=0.25,"Transition","Cleaner sand")) -> Shale-prone | K152: =ROUND(6 + 0.16*C152 + 7*G152 + 2*(1-F152),1) -> 26.3 | L152: =ROUND(MIN(4.8,1 + ABS(D152-135)/45 + 1.4*G152 + 0.2*MAX(0,C152-55)/10 + IF(MOD(ROW(),17)=0,0.5,0)),2) -> 3.06 | M152: =ROUND(MIN(9.2,1.2 + 3.6*G152 + ABS(D152-135)/50 + 0.4*L152 + 0.3*MAX(0,C152-60)/10 + IF(A152>=3700,1.6,0) + IF(A152>=3860,1.1,0)),2) -> 8.71 | N152: =ROUND(MAX(0,MIN(90,N151 + (M152-4.5)*0.12)),2) -> 16.09 | O152: =ROUND(MOD(O151 + IF(OR(Q152="Turn Right",Q152="Build"),1.8,IF(Q152="Turn Left",-1.8,0.5)),360),2) -> 344.5 | P152: =IF(M152<=Controls!$B$2,"NORMAL",IF(M152<=Controls!$B$3,"CAUTION","BLOCK")) -> BLOCK | Q152: =IF(P152="BLOCK","Hold",IF(L152>Controls!$B$4,"Hold",IF(P152="CAUTION","Drop",IF(G152<0.25,IF(MOD(ROW(),13)=0,"Turn Left",IF(MOD(ROW(),9)=0,"Turn Right",IF(F152<0.08,"Build","Hold"))),IF(F152<0.08,"Build","Hold"))))) -> Hold | R152: =ROUND(MAX(0.35,MIN(0.95,0.92 - 0.06*MAX(0,M152-Controls!$B$2) - 0.05*MAX(0,L152-Controls!$B$4) - 0.01*ABS(C152-50) + 0.04*(1-G152))),2) -> 0.4 | S152: =IF(P152="BLOCK","BLOCKED",IF(R152<Controls!$B$7,"REDUCED","ACCEPTED")) -> BLOCKED | T152: =IF(P152="BLOCK","LIMIT_EXCEEDED - DLS above "&TEXT(Controls!$B$3,"0.0")&" deg/100ft",IF(P152="CAUTION","DLS above operating limit - reduce aggressiveness",IF(L152>Controls!$B$4,"High vibration - hold trajectory",IF(OR(C152<Controls!$B$5,C152>Controls!$B$6),"WOB outside preferred band","Normal operation")))) -> LIMIT_EXCEEDED - DLS above 8.0 deg/100ft

Sheet Summary
A1: Prototype KPI Summary
A3: Rows in dataset | B3: =COUNTA(Dashboard_Data!A:A)-1 -> 151 | D3: Suggested demo
A4: DLS caution rows (>6 and <=8) | B4: =COUNTIF(Dashboard_Data!P:P,"CAUTION") -> 17 | D4: Show a NORMAL row first, then a CAUTION row, then a BLOCK row.
A5: DLS blocked rows (>8) | B5: =COUNTIF(Dashboard_Data!P:P,"BLOCK") -> 9 | D5: For example use rows near depths 3700 ft and 3860+ ft to trigger DLS escalation.
A6: Accepted commands | B6: =COUNTIF(Dashboard_Data!S:S,"ACCEPTED") -> 138
A7: Reduced commands | B7: =COUNTIF(Dashboard_Data!S:S,"REDUCED") -> 4
A8: Blocked commands | B8: =COUNTIF(Dashboard_Data!S:S,"BLOCKED") -> 9
A9: Avg confidence | B9: =AVERAGE(Dashboard_Data!R:R) -> 0.7989404
A10: Max DLS | B10: =MAX(Dashboard_Data!M:M) -> 8.8
A11: Max vibration | B11: =MAX(Dashboard_Data!L:L) -> 3.07

Sheet Raw_Data
A1: Depth | B1: WOB | C1: SURF_RPM | D1: ROP_AVG | E1: PHIF | F1: VSH | G1: SW | H1: KLOGH
A2: 3305 | B2: 26217.864 | C2: 1.3147203 | D2: 0.004088054 | E2: 0.086711005 | F2: 0.071718795 | G2: 1 | H2: 0.001
A3: 3310 | B3: 83492.293 | C3: 1.3286739 | D3: 0.005159383 | E3: 0.095208498 | F3: 0.11654832 | G3: 1 | H3: 0.001
A4: 3315 | B4: 97087.882 | C4: 1.4201163 | D4: 0.0059714693 | E4: 0.061636098 | F4: 0.10428323 | G4: 1 | H4: 0.001
A5: 3320 | B5: 54793.206 | C5: 1.5939307 | D5: 0.0054191089 | E5: 0.043497664 | F5: 0.11003981 | G5: 1 | H5: 0.001
A6: 3325 | B6: 50301.579 | C6: 1.653262 | D6: 0.0054352483 | E6: 0.035252241 | F6: 0.12080771 | G6: 1 | H6: 0.001
A7: 3330 | B7: 56835.194 | C7: 1.65745 | D7: 0.004738274 | E7: 0.015965128 | F7: 0.085564925 | G7: 1 | H7: 0.001
A8: 3335 | B8: 37638.028 | C8: 2.1392383 | D8: 0.0088117672 | E8: 0.046243123 | F8: 0.10985897 | G8: 1 | H8: 0.001
A9: 3340 | B9: 37638.028 | C9: 2.1392383 | D9: 0.0088117672 | E9: 0.041236565 | F9: 0.071368258 | G9: 1 | H9: 0.001
A10: 3345 | B10: 44564.583 | C10: 1.9748064 | D10: 0.0084562083 | E10: 0.013781889 | F10: 0.090755599 | G10: 1 | H10: 0.001
A11: 3350 | B11: 60928.603 | C11: 1.7357419 | D11: 0.0073915492 | E11: 0.017082659 | F11: 0.097655748 | G11: 1 | H11: 0.001
A12: 3355 | B12: 40202.384 | C12: 2.5205151 | D12: 0.0067930479 | E12: 0.014316008 | F12: 0.089343111 | G12: 1 | H12: 0.001
A13: 3360 | B13: 43788.455 | C13: 2.5870526 | D13: 0.0067808329 | E13: 0.053798959 | F13: 0.096550293 | G13: 1 | H13: 0.001
... A152: 4085 | B152: 86658.559 | C152: 2.3313385 | D152: 0.0084540851 | E152: 0.022857 | F152: 0.6401 | G152: 1 | H152: 0.001
